{
  "en": {
    "label": {
      "requestType": "Request Type",
      "requestTypeEN": "Request Type (EN)",
      "requestTypeJP": "Request Type (JP)",
      "unit": "Unit",
      "maximumAllowed": "Maximum Allowed",
      "maximumPerLog": "Maximum Per Log",
      "paidLeave": "Paid Leave",
      "limitedByYear": "Limited By Year"
    },
    "message": {
      "confirmDelete": "Are you sure you want to delete?"
    }
  },
  "vi": {
    "label": {
      "requestType": "Loại nghỉ vắng",
      "requestTypeEN": "Loại nghỉ vắng (EN)",
      "requestTypeJP": "Loại nghỉ vắng (JP)",
      "unit": "Đơn vị",
      "maximumAllowed": "Tối đa",
      "maximumPerLog": "Tối đa mỗi yêu cầu",
      "paidLeave": "Nghỉ có lương",
      "limitedByYear": "Giới hạn theo năm"
    },
    "message": {
      "confirmDelete": "Bạn có chắc là bạn muốn xóa \n loại nghỉ vắng này không?"
    }
  }
}
