{
  "en": {
    "pageName": "Time Off (Leave) Requests and Balances",
    "pageTitle": "Time Off (Leave) Requests and Balances in {year} - ",
    "label": {
      "requestType": "Request Type",
      "unit": "Unit",
      "maximumAllowed": "Maximum Allowed",
      "approvedQuotas": "Approved Quotas",
      "remainingQuotas": "Remaining Quotas",
      "pendingQuotas": "Pending Quotas"
    }
  },
  "vi": {
    "pageName": "Bảng thống kê nghỉ vắng",
    "pageTitle": "Bảng thống kê nghỉ vắng năm {year} - ",
    "label": {
      "requestType": "Loại nghỉ vắng",
      "unit": "Đơn vị",
      "maximumAllowed": "Tối đa ",
      "approvedQuotas": "Đã phê duyệt",
      "remainingQuotas": "Còn lại",
      "pendingQuotas": "Chờ phê duyệt"
    }
  }
}
