{
  "en": {
    "pageName": "Time off (Leave) Request Details",
    "label": {
      "workingMonth": "Working Month",
      "from": "From",
      "to": "To",
      "employeeName": "Employee Name",
      "employeeID": "Employee ID",
      "category": "Category"
    }
  },
  "vi": {
    "pageName": "Báo cáo chi tiết",
    "label": {
      "workingMonth": "Tháng làm việc",
      "from": "Từ",
      "to": "Đến",
      "employeeName": "Tên nhân viên",
      "employeeID": "ID nhân viên",
      "category": "Loại"
    }
  }
}
