{
  "en": {
    "label": {
      "byRequestType": "By Request Type ({0})",
      "noteByRequestType": "※Request type without day off will not be displayed",
      "numberOfDays": "Number of days",
      "numberOfPeople": "Number of people"
    }
  },
  "vi": {
    "label": {
      "byRequestType": "Theo loại nghỉ vắng ({0})",
      "noteByRequestType": "※Loại nghỉ vắng không có ngày nghỉ sẽ không được hiển thị",
      "numberOfDays": "Số ngày nghỉ",
      "numberOfPeople": "Số người"
    }
  }
}
