{
  "en": {
    "label": {
      "employeeName": "Employee Name",
      "no": "No",
      "employeeID": "Employee ID",
      "export": "Export",
      "year": "Year",
      "approvedQuotas": "Approved Quotas",
      "remainingQuotas": "Remaining Quotas",
      "pendingQuotas": "Pending Quotas",
      "maximumAllowed": "Maximum Allowed",
      "staff": "Staff"
      
    }
  },
  "vi": {
    "label": {
      "employeeName": "Tên nhân viên",
      "no": "STT",
      "employeeID": "ID nhân viên",
      "export": "Xuất báo cáo",
      "year":"Năm",
      "approvedQuotas":"Đã phê duyệt",
      "remainingQuotas": "Còn lại",
      "pendingQuotas": "Chờ phê duyệt",
      "maximumAllowed": "Tối đa",
      "staff": "Nhân viên"
    }
  }
}
