{
  "en": {
    "label": {
      "title": "Annual Holiday in {0} - {1}",
      "holidayName": "Holiday Name",
      "foreignName": "Foreign Name",
      "holidayDate": "Holiday Date",
      "country": "Country",
      "year": "Year"
    },
    "message": {
      "confirmDelete": "Are you sure you want to delete?"
    }
  },
  "vi": {
    "label": {
      "title": "Lễ thường niên năm {0} - {1}",
      "holidayName": "Tên ngày lễ",
      "foreignName": "Tên quốc tế",
      "holidayDate": "Ngày",
      "country": "Quốc gia",
      "year": "Năm"
    },
    "message": {
      "confirmDelete": "Bạn có chắc là bạn muốn xóa \nngày nghỉ lễ này không?"
    }
  }
}
