{
  "en": {
    "label": {
      "cloneFromMasterData": "Clone From Master Data",
      "title": "Time Off (Leave) Requests and Balances in {0} - {1}",
      "staff": "Staff",
      "year": "Year",
      "export": "Export",
      "unit": "Unit",
      "maximumAllowed": "Maximum Allowed",
      "approvedQuotas": "Approved Quotas",
      "remainingQuotas": "Remaining Quotas",
      "pendingQuotas": "Pending Quotas",
      "remark": "Remark"
    }
  },
  "vi": {
    "label": {
      "cloneFromMasterData": "Nhân bản từ dữ liệu mẫu",
      "title": "Bảng thống kê nghỉ vắng năm {0} - {1}",
      "staff": "Nhân viên",
      "year": "Năm",
      "export": "Xuất báo cáo",
      "unit": "Đơn vị",
      "maximumAllowed": "Tối đa ",
      "approvedQuotas": "Đã phê duyệt",
      "remainingQuotas": "Còn lại",
      "pendingQuotas": "Chờ phê duyệt",
      "remark": "Chú thích"
    }
  }
}
