{
  "en": {
    "label": {
      "workingMonthFrom": "Working Month From",
      "workingMonthTo": "Working Month To",
      "employeeAccount": "Employee Account",
      "from": "From",
      "to": "To",
      "no": "No",
      "employeeName": "Employee Name",
      "employeeID": "Employee ID",
      "workingDays": "Working Days",
      "paidLeaveDays": "Paid Leave Days",
      "unpaidLeaveDays": "Unpaid Leave Days",
      "export": "Export"
    }
  },
  "vi": {
    "label": {
      "workingMonthFrom": "Từ tháng",
      "workingMonthTo": "Đến tháng",
      "employeeAccount": "Tài khoản nhân viên",
      "from": "Từ",
      "to": "Đến",
      "no": "STT",
      "employeeName": "Tên nhân viên",
      "employeeID": "ID nhân viên",
      "workingDays": "Số ngày làm việc",
      "paidLeaveDays": "Số ngày nghỉ có lương",
      "unpaidLeaveDays": "Số ngày nghỉ không lương",
      "export": "Xuất báo cáo"
    }
  }
}
