{
  "en": {
    "label": {
      "search_username": "User Name",
      "search_role": "Role",
      "column_no": "No",
      "column_username": "User Name",
      "column_fullname": "Full Name",
      "column_email": "Email",
      "column_role": "Role"
    },
    "message": {
      "confirmDelete": "Are you sure you want to delete?"
    }
  },
  "vi": {
    "label": {
      "search_username": "User Name",
      "search_role": "Role",
      "column_no": "STT",
      "column_username": "User Name",
      "column_fullname": "Họ và tên",
      "column_email": "Email",
      "column_role": "Role"
    },
    "message": {
      "confirmDelete": "Bạn có chắc là bạn muốn xóa \nngày nghỉ lễ này không?"
    }
  }
}
