{
  "en": {
    "pageName": "VIEW REQUEST",
    "label": {
      "requester": "Requester",
      "requestType": "Request Type",
      "status": "Status",
      "startDate": "Start Date",
      "endDate": "End Date",
      "partialDate": "Partial Date",
      "dayDuration": "Duration",
      "reason": "Reason",
      "detailReason": "Detail Reason",
      "informTo": "Inform To",
      "supervisor": "Supervisor",
      "approver": "Approver",
      "delegateTo": "Delegate To",
      "expectedApprove": "Expected Approve",
      "lastModifyBy": "Last Modify By",
      "lastModifyAt": "Last Modify At",
      "createdBy": "Created By",
      "createdAt": "Create At",
      "at": "At",
      "comment": "Change History"
    }
  },
  "vi": {
    "pageName": "CHI TIẾT YÊU CẦU",
    "label": {
      "requester": "Người yêu cầu",
      "requestType": "Loại nghỉ vắng",
      "status": "Tình trạng",
      "startDate": "Ngày bắt đầu",
      "endDate": "Ngày kết thúc",
      "partialDate": "Hình thức",
      "dayDuration": "Thời lượng",
      "reason": "Lý do",
      "detailReason": "Chi tiết",
      "informTo": "Thông báo cho",
      "supervisor": "Người quản lý",
      "approver": "Người phê duyệt",
      "delegateTo": "Ủy quyền cho",
      "expectedApprove": "Mong được duyệt trước",
      "lastModifyBy": "Cập nhật lần cuối bởi",
      "lastModifyAt": "Cập nhật lần cuối lúc",
      "createdBy": "Tạo bởi",
      "createdAt": "Tạo lúc",
      "at": "Lúc",
      "comment": "Lịch sử thay đổi"
    }
  }
}
